{
    "NIFTYBEES": 273.85992431640625,
    "CPSEETF": 86.20962524414062
}