{
    "NIFTYBEES": 276.33069136669997,
    "CPSEETF": 86.71222269495277
}