{
    "NIFTYBEES": 276.5840444797761,
    "CPSEETF": 87.58373979553492
}