{
    "NIFTYBEES": 998.1995699999999,
    "CPSEETF": 215.7137066666667
}